{"cameraMode":{"drawMode":0,"name":"Shaded","section":"Shading Mode"},"sceneLighting":true,"audioPlay":false,"sceneViewState":{"m_AlwaysRefresh":false,"showFog":true,"showSkybox":true,"showFlares":true,"showImageEffects":true,"showParticleSystems":true,"showVisualEffectGraphs":true,"m_FxEnabled":true},"in2DMode":false,"pivot":{"x":144.1282501220703,"y":60.49798583984375,"z":382.4264221191406},"rotation":{"x":-0.029350722208619119,"y":0.7841417193412781,"z":-0.037195246666669849,"w":-0.6187859177589417},"size":7.228905200958252,"orthographic":true}